<?xml version="1.0" encoding="UTF-8" ?>
<!DOCTYPE mapper
  PUBLIC "-//mybatis.org//DTD Mapper 3.0//EN"
  "https://mybatis.org/dtd/mybatis-3-mapper.dtd">
<mapper namespace="Database.CommentMapper">
	<insert id="insertComment" parameterType="CommentDTO">
		INSERT INTO
		comment_table
		(b_idx,
		cmt_content,
		created_at,
		cmt_likes,
		user_id)
		VALUES
		(#{b_idx},
		#{cmt_content},
		sysdate,
		0,
		#{user_id})
	</insert>

	<select id="allComment" parameterType="Integer"
		resultType="CommentDTO">
		select * from comment_table where b_idx = #{b_idx}
	</select>

	<delete id="DeleteCommentTable" parameterType="UserDTO"> 
		delete from comment_table where user_id=#{user_id} 
	</delete>
	
	<delete id="deleteCommentB_idx" parameterType="BoardDTO"> 
		delete from comment_table where b_idx = #{b_idx} 
	</delete>
	
	<delete id="deleteComment" parameterType="CommentDTO"> 
		delete from comment_table where cmt_idx = #{cmt_idx} 
	</delete>
</mapper>